{"center_": [83331244.13333169, 569.16, 18.659724721456442, 0.02783080816268915, 64.0, 0.0, 0.0, 9.5, 0.0, 0.0], "scale_": [258246.49113070965, 7002.469999999999, 99.23385446817225, 1.4162833684682847, 1.6599999999999966, 1.0, 0.99, 1.0, 1.0, 1.0], "quantile_range": [25.0, 75.0], "with_centering": true, "with_scaling": true}