{"center_": [83331244.13333169, 108.0, 18.659724721456442, 0.15, 0.0, 569.16, 64.0, 0.0, 54.0, 0.02783080816268915, 0.0, 9.172155870465463, 58.8, 0.0], "scale_": [258246.49113070965, 16514.6475, 99.23385446817225, 0.95, 0.99, 7002.469999999999, 1.6599999999999966, 1.0, 99.6, 1.4162833684682847, 1.0, 305219.32230083307, 1399.38, 1.0], "quantile_range": [25.0, 75.0], "with_centering": true, "with_scaling": true}